release_folder,source_run_directory,experiment,label,git_sha,git_dirty,param_encoding
local_on/varA_s0,b7_encoding/runs/2026-08-16T13-36-04_varA_enc_s0,b7_encoding,varA_enc_s0,989ce944c77000e07044973311b4b36d7ad6ec63,False,designed
local_on/varA_s1,b7_encoding/runs/2026-08-16T18-38-59_varA_enc_s1,b7_encoding,varA_enc_s1,989ce944c77000e07044973311b4b36d7ad6ec63,True,designed
local_on/varA_s2,b7_encoding/runs/2026-08-17T00-38-26_varA_enc_s2,b7_encoding,varA_enc_s2,b5bec27c700a9185bdef45cbe9645b8aea90f7d7,True,designed
local_on/varB_s0,b7_encoding/runs/2026-08-16T14-36-11_varB_enc_s0,b7_encoding,varB_enc_s0,989ce944c77000e07044973311b4b36d7ad6ec63,False,designed
local_on/varB_s1,b7_encoding/runs/2026-08-16T19-38-58_varB_enc_s1,b7_encoding,varB_enc_s1,989ce944c77000e07044973311b4b36d7ad6ec63,True,designed
local_on/varB_s2,b7_encoding/runs/2026-08-17T01-37-03_varB_enc_s2,b7_encoding,varB_enc_s2,b5bec27c700a9185bdef45cbe9645b8aea90f7d7,True,designed
local_on/varC_s0,b7_encoding/runs/2026-08-16T15-37-15_varC_enc_s0,b7_encoding,varC_enc_s0,989ce944c77000e07044973311b4b36d7ad6ec63,True,designed
local_on/varC_s1,b7_encoding/runs/2026-08-16T20-39-46_varC_enc_s1,b7_encoding,varC_enc_s1,b5bec27c700a9185bdef45cbe9645b8aea90f7d7,True,designed
local_on/varC_s2,b7_encoding/runs/2026-08-17T02-37-54_varC_enc_s2,b7_encoding,varC_enc_s2,b5bec27c700a9185bdef45cbe9645b8aea90f7d7,True,designed
local_on/varD_s0,b7_encoding/runs/2026-08-16T16-37-22_varD_enc_s0,b7_encoding,varD_enc_s0,989ce944c77000e07044973311b4b36d7ad6ec63,True,designed
local_on/varD_s1,b7_encoding/runs/2026-08-16T21-38-39_varD_enc_s1,b7_encoding,varD_enc_s1,b5bec27c700a9185bdef45cbe9645b8aea90f7d7,True,designed
local_on/varD_s2,b7_encoding/runs/2026-08-17T03-36-26_varD_enc_s2,b7_encoding,varD_enc_s2,b5bec27c700a9185bdef45cbe9645b8aea90f7d7,True,designed
local_on/varF_s0,b7_encoding/runs/2026-08-17T06-36-28_varF_enc_s0,b7_encoding,varF_enc_s0,b5bec27c700a9185bdef45cbe9645b8aea90f7d7,True,designed
local_on/varF_s1,b7_encoding/runs/2026-08-16T23-38-03_varF_enc_s1,b7_encoding,varF_enc_s1,b5bec27c700a9185bdef45cbe9645b8aea90f7d7,True,designed
local_on/varF_s2,b7_encoding/runs/2026-08-17T05-35-39_varF_enc_s2,b7_encoding,varF_enc_s2,b5bec27c700a9185bdef45cbe9645b8aea90f7d7,True,designed
local_off/varA_s0,b7_encoding/runs/2026-08-17T14-51-06_varA_enc_off_s0,b7_encoding,varA_enc_off_s0,01ca7b81192ce7852f79712d7e31fffa304af58f,True,designed
local_off/varA_s1,b7_encoding/runs/2026-08-17T18-55-22_varA_enc_off_s1,b7_encoding,varA_enc_off_s1,01ca7b81192ce7852f79712d7e31fffa304af58f,True,designed
local_off/varA_s2,b7_encoding/runs/2026-08-17T22-59-27_varA_enc_off_s2,b7_encoding,varA_enc_off_s2,01ca7b81192ce7852f79712d7e31fffa304af58f,True,designed
local_off/varB_s0,b7_encoding/runs/2026-08-17T15-38-38_varB_enc_off_s0,b7_encoding,varB_enc_off_s0,01ca7b81192ce7852f79712d7e31fffa304af58f,True,designed
local_off/varB_s1,b7_encoding/runs/2026-08-17T19-44-04_varB_enc_off_s1,b7_encoding,varB_enc_off_s1,01ca7b81192ce7852f79712d7e31fffa304af58f,True,designed
local_off/varB_s2,b7_encoding/runs/2026-08-17T23-47-41_varB_enc_off_s2,b7_encoding,varB_enc_off_s2,01ca7b81192ce7852f79712d7e31fffa304af58f,True,designed
local_off/varC_s0,b7_encoding/runs/2026-08-17T16-28-45_varC_enc_off_s0,b7_encoding,varC_enc_off_s0,01ca7b81192ce7852f79712d7e31fffa304af58f,True,designed
local_off/varC_s1,b7_encoding/runs/2026-08-17T20-33-14_varC_enc_off_s1,b7_encoding,varC_enc_off_s1,01ca7b81192ce7852f79712d7e31fffa304af58f,True,designed
local_off/varC_s2,b7_encoding/runs/2026-08-18T00-36-32_varC_enc_off_s2,b7_encoding,varC_enc_off_s2,01ca7b81192ce7852f79712d7e31fffa304af58f,True,designed
local_off/varD_s0,b7_encoding/runs/2026-08-17T17-15-42_varD_enc_off_s0,b7_encoding,varD_enc_off_s0,01ca7b81192ce7852f79712d7e31fffa304af58f,True,designed
local_off/varD_s1,b7_encoding/runs/2026-08-17T21-21-25_varD_enc_off_s1,b7_encoding,varD_enc_off_s1,01ca7b81192ce7852f79712d7e31fffa304af58f,True,designed
local_off/varD_s2,b7_encoding/runs/2026-08-18T01-25-11_varD_enc_off_s2,b7_encoding,varD_enc_off_s2,01ca7b81192ce7852f79712d7e31fffa304af58f,True,designed
local_off/varF_s0,b7_encoding/runs/2026-08-17T18-06-18_varF_enc_off_s0,b7_encoding,varF_enc_off_s0,01ca7b81192ce7852f79712d7e31fffa304af58f,True,designed
local_off/varF_s1,b7_encoding/runs/2026-08-17T22-10-33_varF_enc_off_s1,b7_encoding,varF_enc_off_s1,01ca7b81192ce7852f79712d7e31fffa304af58f,True,designed
local_off/varF_s2,b7_encoding/runs/2026-08-18T02-14-49_varF_enc_off_s2,b7_encoding,varF_enc_off_s2,01ca7b81192ce7852f79712d7e31fffa304af58f,True,designed
chain_only/chain_s0,b7_encoding/runs/2026-08-18T03-04-56_chain_enc_s0,b7_encoding,chain_enc_s0,01ca7b81192ce7852f79712d7e31fffa304af58f,True,designed
chain_only/chain_s1,b7_encoding/runs/2026-08-18T03-59-15_chain_enc_s1,b7_encoding,chain_enc_s1,01ca7b81192ce7852f79712d7e31fffa304af58f,True,designed
chain_only/chain_s2,b7_encoding/runs/2026-08-18T04-53-43_chain_enc_s2,b7_encoding,chain_enc_s2,01ca7b81192ce7852f79712d7e31fffa304af58f,True,designed
structfree/mlp_pernode_s0,structfree/runs/2026-08-18T05-47-35_mlp_pernode_enc_s0,structfree,mlp_pernode_enc_s0,01ca7b81192ce7852f79712d7e31fffa304af58f,True,designed
structfree/mlp_pernode_s1,structfree/runs/2026-08-18T07-29-50_mlp_pernode_enc_s1,structfree,mlp_pernode_enc_s1,01ca7b81192ce7852f79712d7e31fffa304af58f,True,designed
structfree/mlp_pernode_s2,structfree/runs/2026-08-18T09-13-03_mlp_pernode_enc_s2,structfree,mlp_pernode_enc_s2,01ca7b81192ce7852f79712d7e31fffa304af58f,True,designed
structfree/lstm_global_s0,structfree/runs/2026-08-18T06-38-27_lstm_global_enc_s0,structfree,lstm_global_enc_s0,01ca7b81192ce7852f79712d7e31fffa304af58f,True,designed
structfree/lstm_global_s1,structfree/runs/2026-08-18T08-21-07_lstm_global_enc_s1,structfree,lstm_global_enc_s1,01ca7b81192ce7852f79712d7e31fffa304af58f,True,designed
structfree/lstm_global_s2,structfree/runs/2026-08-18T10-04-16_lstm_global_enc_s2,structfree,lstm_global_enc_s2,01ca7b81192ce7852f79712d7e31fffa304af58f,True,designed
